"","utility_name","State","Data Year","Utility Number","Ownership","SAIDI_IEEE","SAIFI With MED...7","CAIDI With MED...8","SAIDI Without MED...9","SAIFI Without MED...10","CAIDI Without MED...11","SAIDI With MED Minus LOS","SAIFI With MED Minus LOS","CAIDI Minus MED","Number of Customers...15","Highest Dist. Voltage...16","Outages Recorded Automatically...17","Revenues","total_sale"
"1","Alameda Municipal Power","CA","2020",207,"public","57.606000000000002","0.88300000000000001","65.238957999999997","57.606000000000002","0.88300000000000001","65.238957999999997","0","0",".","34965","12","Y",62941.2,339583
"2","Albertville Municipal Utilities Board","AL","2020",241,"public","18.928999999999998","0.41699999999999998","45.393284999999999","18.928999999999998","0.41699999999999998","45.393284999999999","18.928999999999998","0.41699999999999998","45.393284999999999","10054","13","N",45079,593337
"3","Anchorage Municipal Light and Power","AK","2020",599,"public","68.685000000000002","0.27100000000000002","253.45017999999999","18.140999999999998","0.11","164.91818000000001","18.140999999999998","0.11","164.91818000000001","31159","35","Y",121486.1,732828
"4","Austin Energy","TX","2020",1015,"public","54.27","0.68","79.808824000000001","54.27","0.68","79.808824000000001","50.65","0.63","80.396825000000007","500167","35","Y",1178922.3,13087868
"5","Beaches Energy Services","FL","2020",9616,"public","31.8","0.73099999999999998","43.502051999999999",".",".",".",".",".",".","35747","27","N",75919.5,701053
"6","Board of Water Electric & Communications","IA","2020",13143,"public","36.409999999999997","0.29299999999999998","124.26621","8.1999999999999993","6.9000000000000006E-2","118.84058","36.409999999999997","0.29299999999999998","124.26621","11525","13.8","N",58920.2,840939
"7","Bolivar Energy Authority","TN","2020",1936,"public","78.260000000000005","1","78.260000000000005","36.26","0.66","54.939394","78.260000000000005","1","78.260000000000005","11248","12.5","N",25401,212008
"8","Borough of Chambersburg","PA","2020",3329,"public","14.066000000000001","0.35099999999999998","40.074074000000003","14.066000000000001","0.35099999999999998","40.074074000000003",".",".",".","11187","12.5","Y",26879,298723
"9","Bozrah Light & Power Company","CT","2020",2089,"public","1320.76","1.65","800.46060999999997","52.47","0.7","74.957143000000002","1320.76","1.65","800.46060999999997","2769","13.8","Y",17987.7,215694
"10","Bristol Virginia Utilities","VA","2020",2248,"public","86.26","0.96","89.854167000000004","59.32","0.86799999999999999","68.341014000000001","86.26","0.96","89.854167000000004","15894","13.2","Y",40736,420918
"11","Brownsville Public Utilities Board","TX","2020",2409,"public","63.054000000000002","1.2130000000000001","51.981862999999997","24.852","0.70599999999999996","35.201132999999999","63.054000000000002","1.2130000000000001","51.981862999999997","55884","12.5","N",126070,1208187
"12","Central Lincoln People's Ut Dt","OR","2020",3264,"public","331.738","1.3360000000000001","248.30689000000001",".",".",".",".",".",".","40054","12","Y",91740,1254427
"13","City of Albemarle - (NC)","NC","2020",232,"public","264.47000000000003","0.82","322.52438999999998","51.13","0.42","121.7381",".",".",".","11821","14.4","N",29687.8,261018
"14","City of Alexandria - (MN)","MN","2020",295,"public","12","0.4","30",".",".",".",".",".",".","10263","13.2","N",24853.1,273321
"15","City of Ames - (IA)","IA","2020",554,"public","2136.9499999999998","1.77","1207.3163999999999","34.729999999999997","0.35","99.228571000000002","2134.33","1.75","1219.6170999999999","27187","13.8","N",55830.8,618595
"16","City of Anaheim - (CA)","CA","2020",590,"public","26.35","0.39","67.564103000000003","26.35","0.39","67.564103000000003","26.35","0.39","67.564103000000003","122506","12","Y",351449,2085895
"17","City of Anderson - (IN)","IN","2020",636,"public","380.49","1.8169999999999999","209.40561","144.44","1.0960000000000001","131.78832","380.49","1.8169999999999999","209.40561","34037","13.2","Y",81987.7,834696
"18","City of Anoka","MN","2020",691,"public","33.61","0.55000000000000004","61.109090999999999","33.61","0.55000000000000004","61.109090999999999","33.61","0.55000000000000004","61.109090999999999","12244","12.5","N",29270,270004
"19","City of Austin - (MN)","MN","2020",1009,"public","8.8680000000000003","0.183","48.459015999999998",".",".",".",".",".",".","11751","13.8","N",35315,336408
"20","City of Bay City - (MI)","MI","2020",1366,"public","164.32400000000001","1.0269999999999999","160.00389000000001","99.429000000000002","0.63300000000000001","157.07583","164.32400000000001","1.0269999999999999","160.00389000000001","21000","8.3000000000000007","Y",38226,297744
"21","City of Bowling Green - (KY)","KY","2020",2056,"public","112.04600000000001","0.73799999999999999","151.82384999999999","31.827000000000002","0.52","61.205768999999997","112.04600000000001","0.73799999999999999","151.82384999999999","31078","13","N",76592,815113
"22","City of Bowling Green - (OH)","OH","2020",2054,"public","54.942999999999998","0.91800000000000004","59.850763000000001","5.8559999999999999","6.3E-2","92.952381000000003",".",".",".","14770","12.5","N",56697,483454
"23","City of Bristol - (TN)","TN","2020",2247,"public","91.286000000000001","1.645","55.493009000000001","70.435000000000002","1.0109999999999999","69.668644999999998","20.850999999999999","0.63400000000000001","32.888013000000001","33843","69","N",81007,845272
"24","City of Calhoun - (GA)","GA","2020",2812,"public","59.1","0.69","85.652174000000002","59.1","0.69","85.652174000000002","59.1","0.69","85.652174000000002","5505","7.2","N",31950.5,358795
"25","City of Carthage - (MO)","MO","2020",3113,"public","21.437000000000001","0.88200000000000001","24.304988999999999","19.382000000000001","0.52300000000000002","37.059272999999997",".",".",".","7792","13.2","Y",25529,283822
"26","City of Centralia - (WA)","WA","2020",3295,"public","76.781000000000006","0.45100000000000001","170.24611999999999","76.781000000000006","0.45100000000000001","170.24611999999999","76.781000000000006","0.45100000000000001","170.24611999999999","10418","12.5","N",25365.7,252470
"27","City of Chattanooga - (TN)","TN","2020",3408,"public","1192","1.47","810.88435000000004","86","0.71","121.12676",".",".",".","187516","46","Y",497394,5185817
"28","City of Chicopee - (MA)","MA","2020",3477,"public","226.16","0.38100000000000001","593.59580000000005",".",".",".",".",".",".","25982","13.8","Y",54167.1,441639
"29","City of Claremore","OK","2020",3647,"public","294.20600000000002","3.1339999999999999","93.875557999999998","95.727999999999994","2.1240000000000001","45.069679999999998",".",".",".","12598","13.2","N",25012,252930
"30","City of Clarksville - (TN)","TN","2020",3704,"public","189.72","1.91","99.329842999999997","99.22","1.27","78.125984000000003",".",".",".","71788","12.5","Y",162525,1495990
"31","City of Cleveland - (OH)","OH","2020",3762,"public","145.101","1.3069999999999999","111.01836","145.101","1.3069999999999999","111.01836",".",".",".","74400","13.8","Y",195496,1528964
"32","City of Cleveland - (TN)","TN","2020",3758,"public","131.53","2.0510000000000002","64.129693000000003","68.075999999999993","0.98","69.465305999999998","131.53","2.0510000000000002","64.129693000000003","32163","13.2","N",95748,986277
"33","City of Clinton - (TN)","TN","2020",3812,"public","103.9","1.2909999999999999","80.480248000000003","102.6","1.2809999999999999","80.093677","103.5","1.22","84.836066000000002","29472","13","Y",74508,753816
"34","City of Coffeyville - (KS)","KS","2020",3892,"public","8.3520000000000003","7.4999999999999997E-2","111.36","8.3520000000000003","7.4999999999999997E-2","111.36",".",".",".","6072","69","N",46654.1,768171
"35","City of College Station - (TX)","TX","2020",3940,"public","48","0.71899999999999997","66.759388000000001","34.5","0.51100000000000001","67.514677000000006","48","0.71899999999999997","66.759388000000001","43830","15","Y",100796,831868
"36","City of Colorado Springs - (CO)","CO","2020",3989,"public","53.85","0.93","57.903225999999997","53.85","0.93","57.903225999999997","53.85","0.93","57.903225999999997","265723","34.5","Y",428332.5,4639120
"37","City of Columbia - (MO)","MO","2020",4045,"public","77.897000000000006","1.169","66.635586000000004","56.768999999999998","1.04","54.585577000000001","77.897000000000006","1.169","66.635586000000004","51625","69","N",117913,1127707
"38","City of Columbus - (MS)","MS","2020",4068,"public","152.61699999999999","1.1639999999999999","131.11426","28.661999999999999","0.497","57.670020000000001",".",".",".","12752","13","N",34970,337559
"39","City of Columbus - (OH)","OH","2020",4065,"public","216.07","2.35","91.944681000000003","216.07","2.35","91.944681000000003","216.07","2.35","91.944681000000003","15801","14.4","Y",85226.4,796873
"40","City of Concord - (NC)","NC","2020",4150,"public","21.5","0.38","56.578946999999999","21.5","0.38","56.578946999999999","21.5","0.38","56.578946999999999","32736","13.2","N",79097.3,856136
"41","City of Cuyahoga Falls - (OH)","OH","2020",4683,"public","180.25899999999999","1.046","172.33174","38.590000000000003","0.35","110.25714000000001","180.25899999999999","1.046","172.33174","26003","23","N",51249.6,402639
"42","City of Denton - (TX)","TX","2020",5063,"public","34.64","0.63","54.984127000000001","34.64","0.63","54.984127000000001","34.64","0.63","54.984127000000001","58143","13.2","Y",176464,1469155
"43","City of Dickson","TN","2020",5148,"public","951.28","4.5199999999999996","210.46018000000001","159.07499999999999","3.7370000000000001","42.567568000000001","951.25","4.5199999999999996","210.45354","36519","12.5","Y",79588,807648
"44","City of Dover - (OH)","OH","2020",5336,"public","48.863","0.372","131.35214999999999","6.7270000000000003","4.2000000000000003E-2","160.16667000000001","48.863","0.372","131.35214999999999","6829","12.5","N",28077,216891
"45","City of Dyersburg","TN","2020",5509,"public","68.573999999999998","1.046","65.558317000000002","18.152999999999999","0.26300000000000001","69.022813999999997","68.573999999999998","1.046","65.558317000000002","11985","13.2","N",34590,379073
"46","City of Edmond - (OK)","OK","2020",5661,"public","534.17999999999995","1.54","346.87013000000002","82.027000000000001","1.0229999999999999","80.182795999999996","82.027000000000001","1.0229999999999999","80.182795999999996","41932","12.4","Y",90556,869443
"47","City of Elk River","MN","2020",5773,"public","15.795","0.158","99.968354000000005","15.795","0.158","99.968354000000005","15.795","0.158","99.968354000000005","12365","12.5","N",36525,324469
"48","City of Eugene - (OR)","OR","2020",6022,"public","41.49","0.32","129.65625","41.49","0.32","129.65625","41.49","0.32","129.65625","94968","12.5","Y",204354,2261295
"49","City of Farmington - (NM)","NM","2020",6204,"public","75.884","0.60199999999999998","126.05316000000001",".",".",".",".",".",".","44882","13.8","Y",84798,930019
"50","City of Fayetteville","TN","2020",6234,"public","274.69400000000002","1.7989999999999999","152.69261","180.82599999999999","1.3979999999999999","129.34621000000001","271.33699999999999","1.7589999999999999","154.25640000000001","18841","14.4","Y",43666,427948
"51","City of Floresville","TX","2020",6427,"public","165.48","1.7190000000000001","96.265270999999998","59.28","0.96199999999999997","61.621622000000002","165.48","1.7190000000000001","96.265270999999998","16425","13.8","Y",40665.9,348640
"52","City of Frankfort - (KY)","KY","2020",6708,"public","32.673999999999999","0.224","145.86607000000001","13.67","0.158","86.518986999999996","32.673999999999999","0.224","145.86607000000001","21555","13.8","Y",59044,615321
"53","City of Fremont - (NE)","NE","2020",6779,"public","215.59399999999999","1.625","132.67322999999999","11.11","0.128","86.796875","215.59399999999999","1.625","132.67322999999999","15202","15","N",42989.1,471422
"54","City of Geneva- (IL)","IL","2020",7096,"public","83.284999999999997","0.71599999999999997","116.31983","83.284999999999997","0.71599999999999997","116.31983",".",".",".","10153",".","N",34756,361622
"55","City of Grand Haven - (MI)","MI","2020",7483,"public","73.239999999999995","0.8","91.55","17.28","0.16200000000000001","106.66667","73.239999999999995","0.8","91.55","14568","13.2","Y",35424.1,280904
"56","City of Grand Island - (NE)","NE","2020",40606,"public","27.059000000000001","1.131","23.924845000000001","12.396000000000001","0.30399999999999999","40.776316000000001","27.059000000000001","1.131","23.924845000000001","26381","13.8","N",63826,698567
"57","City of Greeneville - (TN)","TN","2020",7625,"public","90","2","45","81","1","81","88","1","88","38446","13","Y",95682,1098624
"58","City of Greenfield - (IN)","IN","2020",7627,"public","45.13","0.69","65.405797000000007","13.96","0.252","55.396825",".",".",".","10000","12.5","Y",31298,335915
"59","City of Greenville - (TX)","TX","2020",7634,"public","95.912000000000006","1.363","70.368305000000007","9.1039999999999992","0.11600000000000001","78.482759000000001",".",".",".","14820","12.5","Y",55039,484050
"60","City of Hamilton - (OH)","OH","2020",7977,"public","32.130000000000003","0.45","71.400000000000006","32.130000000000003","0.45","71.400000000000006",".",".",".","29491","13.8","Y",72411,547178
"61","City of Hannibal - (MO)","MO","2020",8055,"public","110.43600000000001","2.1930000000000001","50.358412999999999","57.643999999999998","1.153","49.994796000000001","110.43600000000001","2.1930000000000001","50.358412999999999","9310","13.8","Y",22198.2,227505
"62","City of Harriman - (TN)","TN","2020",8147,"public","748.1","3.4689999999999999","215.65293","748.1","3.4689999999999999","215.65293",".",".",".","10974","13","Y",23116,186842
"63","City of Hastings - (NE)","NE","2020",8245,"public","150.75","1.194","126.25628","5.6760000000000002","7.9000000000000001E-2","71.848101","150.75","1.194","126.25628","13500","13.8","N",35785,420092
"64","City of Holland","MI","2020",8723,"public","46.082000000000001","0.52300000000000002","88.110899000000003","28.33","0.48899999999999999","57.934559999999998","46.082000000000001","0.52300000000000002","88.110899000000003","29500","12.4","N",101468,1053776
"65","City of Holyoke - (MA)","MA","2020",8774,"public","144.80799999999999","1.605","90.223052999999993","57.107999999999997","1.0720000000000001","53.272387999999999","144.80799999999999","1.605","90.223052999999993","17752","34.5","Y",44816,356827
"66","City of Hope","AR","2020",8840,"public","111.21","1.18","94.245762999999997","41.33","0.67","61.686566999999997","111.21","1.18","94.245762999999997","6995","13.8","Y",19885.1,205600
"67","City of Idaho Falls - (ID)","ID","2020",9187,"public","183.64","0.67900000000000005","270.45654999999999","22.986999999999998","0.221","104.01357",".",".",".",".",".","Y",49895.7,705735
"68","City of Independence - (IA)","IA","2020",9230,"public","5.3209999999999997","0.16600000000000001","32.054217000000001","5.3209999999999997","0.16600000000000001","32.054217000000001","5.3209999999999997","0.16600000000000001","32.054217000000001","3169","15","N",8267.9,77204
"69","City of Jackson - (TN)","TN","2020",9612,"public","172.58500000000001","1.266","136.32306","97.710999999999999","1.0589999999999999","92.267233000000004",".",".",".","36302","12.5","Y",132662,1601025
"70","City of Kansas City - (KS)","KS","2020",9996,"public","132.69800000000001","1.323","100.30083","108.26","1.181","91.668077999999994","132.69800000000001","1.323","100.30083","65304","13.8","Y",226824,2065050
"71","City of Kaukauna","WI","2020",10056,"public","61","0.77","79.220778999999993","9.8000000000000007","0.14000000000000001","70","61","0.77","79.220778999999993","15653","34.5","N",42877.8,504912
"72","City of Kinston - (NC)","NC","2020",10345,"public","57.9","0.89","65.056179999999998","57.9","0.89","65.056179999999998","57.9","0.89","65.056179999999998","11801","12.4","N",43939.7,419553
"73","City of Kirkwood - (MO)","MO","2020",10370,"public","25.5","0.27","94.444444000000004","24.504000000000001","0.24099999999999999","101.67635","25.5","0.27","94.444444000000004","10095","12.4","Y",20130.6,187043
"74","City of Lafayette - (LA)","LA","2020",9096,"public","1054.4000000000001","1.833","575.23185999999998","26.614999999999998","0.65200000000000002","40.820551999999999","119.11","0.86499999999999999","137.69942","66700","15","Y",162996,1917039
"75","City of LaFollette","TN","2020",10579,"public","577","5.3","108.86792","338","4.9000000000000004","68.979591999999997","577","5.3","108.86792","22056","19.5","Y",46112,379154
"76","City of Lenoir - (TN)","TN","2020",10906,"public","157.25","1.57","100.15924","157.25","1.57","100.15924",".",".",".","67978","12.5","Y",165756,1605140
"77","City of Lewisburg - (TN)","TN","2020",10960,"public","49.122999999999998","0.50800000000000001","96.698819","5.9649999999999999","0.104","57.355769000000002",".",".",".","6291","13","N",23665,288695
"78","City of Logan - (UT)","UT","2020",11135,"public","26.402000000000001","0.46500000000000002","56.778494999999999","13.711","0.214","64.070093","13.711","0.214","64.070093","19746","46","N",34519.3,390866
"79","City of Loveland - (CO)","CO","2020",11256,"public","30.14","0.34","88.647058999999999","30.14","0.34","88.647058999999999","30.14","0.34","88.647058999999999","37734","12.5","N",69718,685364
"80","City of Manassas - (VA)","VA","2020",11560,"public","48.32","0.78500000000000003","61.554139999999997","48.32","0.78500000000000003","61.554139999999997","48.32","0.78500000000000003","61.554139999999997","16607","13.2","Y",35157,389473
"81","City of Marietta - (GA)","GA","2020",11646,"public","487.05","2.4900000000000002","195.60240999999999","105.19","1.94","54.221648999999999","105.19","1.94","54.221648999999999","42186","25","Y",110680,968373
"82","City of Marquette - (MI)","MI","2020",11701,"public","79.786000000000001","0.83099999999999996","96.012034","16.856999999999999","0.223","75.591927999999996",".",".",".","17005","12.5","Y",40286.5,274344
"83","City of Marshfield - (WI)","WI","2020",11740,"public","37.920999999999999","0.55700000000000005","68.080789999999993","13.151","0.216","60.884259","37.920999999999999","0.55700000000000005","68.080789999999993","13699","13.2","Y",28156,358232
"84","City of McPherson - (KS)","KS","2020",12208,"public","8.6","6.3E-2","136.50793999999999","8.6","6.3E-2","136.50793999999999","8.6","6.3E-2","136.50793999999999","8806","34.5","Y",53717.3,983113
"85","City of Memphis - (TN)","TN","2020",12293,"public","391.2","2.0699999999999998","188.98551","233.7","1.68","139.10713999999999","391.2","2.0699999999999998","188.98551","414180","23","Y",1200275,12774178
"86","City of Mesa - (AZ)","AZ","2020",12351,"public","72.010000000000005","0.63400000000000001","113.58044","36.92","0.252","146.50793999999999","72.010000000000005","0.63400000000000001","113.58044","16971","69","N",29380.2,326386
"87","City of Milan","TN","2020",12532,"public","124.07","1.792","69.235490999999996",".",".",".",".",".",".","8231","7.2","N",17717,171932
"88","City of Monett - (MO)","MO","2020",12782,"public","19.963000000000001","0.32600000000000001","61.236196","19.963000000000001","0.32600000000000001","61.236196","19.963000000000001","0.32600000000000001","61.236196","4793","12.5","N",19392.5,213517
"89","City of Monroe - (NC)","NC","2020",12801,"public","35.35","0.628","56.289808999999998","35.35","0.628","56.289808999999998","35.35","0.628","56.289808999999998","11080","34.5","N",53928,590393
"90","City of Moorhead - (MN)","MN","2020",12894,"public","36.609000000000002","0.96099999999999997","38.094692999999999",".",".",".",".",".",".","20148","12.5","N",39930.8,421235
"91","City of Morristown - (TN)","TN","2020",12988,"public","184.48400000000001","2.27","81.270484999999994","42.95","0.54200000000000004","79.243542000000005","184.48400000000001","2.27","81.270484999999994","14382","13.2","Y",73114,859676
"92","City of Naperville - (IL)","IL","2020",13208,"public","13.93","0.22","63.318182",".",".",".",".",".",".","61072","12.4","Y",152508.3,1257854
"93","City of New Bern - (NC)","NC","2020",13416,"public","265.19","1.6040000000000001","165.33042","23.896000000000001","0.48","49.783332999999999","265.19","1.6040000000000001","165.33042","22868","23","Y",49346,432340
"94","City of New Braunfels - (TX)","TX","2020",13418,"public","25.725999999999999","0.70799999999999996","36.336157999999998","25.725999999999999","0.70799999999999996","36.336157999999998","25.725999999999999","0.70799999999999996","36.336157999999998","46779","12.5","Y",138318.7,1709615
"95","City of New Richmond","WI","2020",13481,"public","39.64","0.47","84.340425999999994","39.64","0.47","84.340425999999994","39.64","0.47","84.340425999999994","5223","12.4","N",9748.3,99520
"96","City of Newark - (DE)","DE","2020",13519,"public","103.43","1.21","85.479338999999996","103.43","1.21","85.479338999999996",".",".",".","12679","12.5","Y",50236.3,402097
"97","City of Norwich - (CT)","CT","2020",13831,"public","132.19","0.93","142.13978","132.19","0.93","142.13978","132.19","0.93","142.13978","20564","35","N",51047,285100
"98","City of Owatonna - (MN)","MN","2020",14246,"public","26.265999999999998","0.36699999999999999","71.569481999999994","26.265999999999998","0.36699999999999999","71.569481999999994",".",".",".","10016","12.5","N",38129,404325
"99","City of Owensboro - (KY)","KY","2020",14268,"public","42.170999999999999","0.69499999999999995","60.677697999999999","42.170999999999999","0.69499999999999995","60.677697999999999","42.170999999999999","0.69499999999999995","60.677697999999999","27232","15","Y",91979,757542
"100","City of Paducah - (KY)","KY","2020",14371,"public","41.691000000000003","1.341","31.089485","41.691000000000003","1.341","31.089485","41.691000000000003","1.341","31.089485","22227","15","Y",70456.2,528380
"101","City of Painesville","OH","2020",14381,"public","91.13","0.89","102.39326","71.27","0.66","107.98484999999999",".",".",".","12239","13.8","N",29106.3,218358
"102","City of Palo Alto - (CA)","CA","2020",14401,"public","35.630000000000003","0.49","72.714286000000001",".",".",".",".",".",".","29136","12","Y",131097,825469
"103","City of Paris - (TN)","TN","2020",14455,"public","937.70100000000002","4.51","207.91596000000001","238","3","79.333332999999996","937.70100000000002","4.51","207.91596000000001","21577","13.2","Y",43282,430329
"104","City of Pasadena - (CA)","CA","2020",14534,"public","35.889000000000003","0.41799999999999998","85.858851999999999","35.889000000000003","0.41799999999999998","85.858851999999999","35.889000000000003","0.41799999999999998","85.858851999999999","64994","17.2","Y",191148.5,977575
"105","City of Peru - (IN)","IN","2020",14839,"public","48.72","0.48","101.5","15.47","0.21","73.666667000000004","48.72","0.48","101.5","10610","12.5","N",22269,224783
"106","City of Piqua - (OH)","OH","2020",15095,"public","28.103999999999999","0.56999999999999995","49.305262999999997",".",".",".",".",".",".","10815","13","N",27306.9,285883
"107","City of Ponca City - (OK)","OK","2020",15202,"public","1565.335","1.8680000000000001","837.97376999999994","79.037000000000006","0.82299999999999995","96.035236999999995",".",".",".","15815","12.5","Y",35200,348678
"108","City of Pulaski - (TN)","TN","2020",15507,"public","476.36","3.1259999999999999","152.38643999999999","148.16","1.83","80.961748999999998","476.36","3.1259999999999999","152.38643999999999","14624","7.6","Y",40310,383316
"109","City of Redding - (CA)","CA","2020",15783,"public","52.51","0.49199999999999999","106.72763999999999","52.51","0.49199999999999999","106.72763999999999","52.51","0.49199999999999999","106.72763999999999","44808","12.5","N",120915,736519
"110","City of Richland - (WA)","WA","2020",15979,"public","18.931999999999999","0.59299999999999997","31.925801","18.931999999999999","0.59299999999999997","31.925801","18.931999999999999","0.59299999999999997","31.925801","25613","12.5","N",71536,906062
"111","City of Richland Center - (WI)","WI","2020",15978,"public","21.82","0.24399999999999999","89.426230000000004",".",".",".",".",".",".","2940","12.5","N",9151.1,107160
"112","City of Ripley - (TN)","TN","2020",27222,"public","63.39","1.468","43.181198999999999","63.39","1.468","43.181198999999999",".",".",".","6445","13.2","Y",17611,177444
"113","City of River Falls","WI","2020",16082,"public","21.18","0.3","70.599999999999994","21.18","0.3","70.599999999999994","21.18","0.3","70.599999999999994","6612","12.4","N",12976.6,122409
"114","City of Riverside - (CA)","CA","2020",16088,"public","87.08","0.78","111.64103","87.08","0.78","111.64103",".",".",".","110480","12","N",322584,2144679
"115","City of Rock Hill - (SC)","SC","2020",16195,"public","136.905","1.2150000000000001","112.67901000000001","70.486999999999995","0.89600000000000002","78.668526999999997",".",".",".","38870","24.9","Y",109071,839050
"116","City of Rockwood - (TN)","TN","2020",16223,"public","241.04900000000001","1.907","126.40219999999999","187.45","1.7989999999999999","104.19678",".",".",".","14790","12.5","N",32072,294267
"117","City of Rocky Mount - (NC)","NC","2020",16226,"public","101.36","1.53","66.248366000000004","56.65","1.1499999999999999","49.260869999999997",".",".",".","28575","12.5","N",72045,661436
"118","City of Rolla - (MO)","MO","2020",16259,"public","14.353","0.111","129.30631","14.353","0.111","129.30631","14.353","0.111","129.30631","9567","12.4","N",25782,291302
"119","City of Ruston - (LA)","LA","2020",16463,"public","217.88","2.34","93.111110999999994",".",".",".",".",".",".","10939","13.8","N",10494,246042
"120","City of Salem - (VA)","VA","2020",16558,"public","10.154999999999999","0.23","44.152174000000002","10.154999999999999","0.23","44.152174000000002",".",".",".","13371","12.5","N",36910.8,340551
"121","City of San Antonio - (TX)","TX","2020",16604,"public","93.95","1.2","78.291667000000004","56.85","0.93","61.129032000000002",".",".",".","848579","35","Y",2164210,22184581
"122","City of San Marcos - (TX)","TX","2020",28978,"public","27.617999999999999","0.318","86.849057000000002",".",".",".",".",".",".","25215",".","N",53321,609531
"123","City of Seattle - (WA)","WA","2020",16868,"public","79.599999999999994","0.55000000000000004","144.72727","67.099999999999994","0.49","136.93878000000001","79.599999999999994","0.55000000000000004","144.72727","492240","34","N",931769,8721077
"124","City of Shelbyville - (TN)","TN","2020",17047,"public","59.84","0.93","64.344086000000004","16.079999999999998","0.20499999999999999","78.439024000000003","59.84","0.93","64.344086000000004","10510","7.2","N",31232,340730
"125","City of Siloam Springs - (AR)","AR","2020",17184,"public","34.94","0.61","57.278689","34.94","0.61","57.278689","34.94","0.61","57.278689","8283","15","N",22333,265392
"126","City of Springville - (UT)","UT","2020",17845,"public","34.223999999999997","0.47699999999999998","71.748428000000004",".",".",".",".",".",".","12689","12.4","N",26976,278223
"127","City of St George","UT","2020",17874,"public","24.5",".",".","16.373999999999999",".",".",".",".",".","32070","13.2","N",61786,662823
"128","City of Statesville - (NC)","NC","2020",18022,"public","19.75","0.27600000000000002","71.557970999999995",".",".",".",".",".",".","13902","22.9","N",42837.9,443718
"129","City of Stoughton - (WI)","WI","2020",18181,"public","61.481999999999999","0.67700000000000005","90.815361999999993","61.481999999999999","0.67700000000000005","90.815361999999993","61.481999999999999","0.67700000000000005","90.815361999999993","8852","15","N",14482,138613
"130","City of Sturgeon Bay - (WI)","WI","2020",18249,"public","5.04","7.0000000000000007E-2","72","5.04","7.0000000000000007E-2","72",".",".",".","9082","12.5","N",14399.9,146433
"131","City of Tacoma - (WA)","WA","2020",18429,"public","84.86","0.74","114.67568","55.5","0.56999999999999995","97.368420999999998","84.75","0.74","114.52703","175106","13.8","Y",370590.4,4602749
"132","City of Taunton","MA","2020",18488,"public","84.159000000000006","4.2110000000000003","19.985513999999998","84.159000000000006","4.2110000000000003","19.985513999999998",".",".",".","38800","13.8","Y",95533,636298
"133","City of Thomasville - (GA)","GA","2020",18848,"public","199.5","3.4","58.676470999999999","149.6","2.8","53.428570999999998","149.6","2.8","53.428570999999998","15467",".","Y",53023.9,469400
"134","City of Traverse City - (MI)","MI","2020",19125,"public","54.911999999999999","0.56999999999999995","96.336842000000004","54.911999999999999","0.56999999999999995","96.336842000000004","54.911999999999999","0.56999999999999995","96.336842000000004","12881","13.8","Y",29190,316168
"135","City of Wadsworth - (OH)","OH","2020",19951,"public","25.33","0.41599999999999998","60.889423000000001",".",".",".",".",".",".","13492","12.5","N",25103,269500
"136","City of Westerville - (OH)","OH","2020",20477,"public","123.2","1.54","80","52.45","1.0900000000000001","48.119266000000003","115.48","1.38","83.681158999999994","17462","13.2","Y",49446,467626
"137","City of Westfield - (MA)","MA","2020",20481,"public","363.27800000000002","2.4460000000000002","148.51921999999999","100.366","1.667","60.207557999999999","363.27800000000002","2.4460000000000002","148.51921999999999","18176","23","Y",50884,354594
"138","City of Wilson","NC","2020",20785,"public","73.930000000000007","1.111","66.543654000000004","53.25","0.875","60.857143000000001","73.930000000000007","1.111","66.543654000000004","37258","23","Y",115900,1181851
"139","City of Zeeland - (MI)","MI","2020",21158,"public","66.844999999999999","0.69099999999999995","96.736614000000003","37.643000000000001","0.65400000000000003","57.558104","29.202000000000002","3.6999999999999998E-2","789.24324000000001","6863","12.5","N",28601,397148
"140","City Utilities of Springfield - (MO)","MO","2020",17833,"public","128.42599999999999","0.71499999999999997","179.61678000000001",".",".",".",".",".",".","136145","13.2","Y",255412,2913253
"141","Clatskanie Peoples Util Dist","OR","2020",28541,"public","374.08300000000003","2.6520000000000001","141.05694","200.07599999999999","1.744","114.72248","267.81299999999999","2.0059999999999998","133.50597999999999","4738","13.8","N",52681.5,984467
"142","Coldwater Board of Public Util","MI","2020",3915,"public","159.09800000000001","1.0960000000000001","145.16240999999999","34.152999999999999","0.307","111.24755999999999","159.09800000000001","1.0960000000000001","145.16240999999999","7009","13.8","Y",38679,450741
"143","Columbia Power System","TN","2020",3855,"public","988.58600000000001","2.8479999999999999","347.11586999999997","875.42","2.6619999999999999","328.858",".",".",".","31769","15","Y",67263,642604
"144","Columbia River Peoples Ut Dist","OR","2020",40438,"public","95.661000000000001","0.70299999999999996","136.07539","65.918999999999997","0.57799999999999996","114.04671","95.661000000000001","0.70299999999999996","136.07539","19890","12.5","N",34512,467178
"145","Conway Corporation","AR","2020",4280,"public","68.278999999999996","0.68","100.41029","68.278999999999996","0.68","100.41029",".",".",".","31510","13.8","N",54559.4,891076
"146","Easley Combined Utility System","SC","2020",6709,"public","342.29","2.65","129.16604000000001","131.4","1.73","75.953756999999996","342.29","2.65","129.16604000000001","15197","12.5","Y",34874,279754
"147","Electrical Dist No2 Pinal County","AZ","2020",15048,"public","1197.3",".",".","764.5",".",".","1197.3",".",".","5371",".","Y",22277,252219
"148","Electrical Dist No3 Pinal County","AZ","2020",30518,"public","50.93","0.64","79.578125","50.93","0.64","79.578125","50.93","0.64","79.578125","27500","69","Y",72524,719132
"149","Fayetteville Public Works Commission","NC","2020",6235,"public","91.388999999999996","1.137","80.377308999999997","27.36","0.55800000000000005","49.032257999999999","91.388999999999996","1.137","80.377308999999997","86142","25","Y",197986,1915980
"150","Florence Utility Comm","WI","2020",6424,"public","143.214","1.1850000000000001","120.8557","59.136000000000003","0.65700000000000003","90.009131999999994","59.136000000000003","0.65700000000000003","90.009131999999994","1524","12.4","N",2263.6,17128
"151","Foley Board of Utilities","AL","2020",6491,"public","5822.4","3.6219999999999999","1607.5097000000001","64.494","0.96599999999999997","66.763975000000002","5693.8","3.2269999999999999","1764.4251999999999","50311","12.4","Y",121411,1081365
"152","Gainesville Regional Utilities","FL","2020",6909,"public","162.94999999999999","1.5680000000000001","103.92219","57.62","1.095","52.621004999999997","152.47999999999999","1.5109999999999999","100.91330000000001","98401","12.5","Y",237636.2,1790570
"153","Greenville Utilities Comm","NC","2020",7639,"public","73.52","0.46","159.82608999999999","18.05","0.24","75.208332999999996","73.52","0.46","159.82608999999999","70386","12.5","N",165798.3,1685002
"154","Greenwood Utilities Comm","MS","2020",7651,"public","16.649999999999999","7.0999999999999994E-2","234.50703999999999",".",".",".",".",".",".","9230",".","N",24752.2,262828
"155","Groton Dept of Utilities - (CT)","CT","2020",7716,"public","66.430000000000007","1.01","65.772277000000003","31.51","0.4","78.775000000000006","66.430000000000007","1.01","65.772277000000003","14292","35","N",54446.6,424481
"156","Imperial Irrigation District","CA","2020",9216,"public","72.069999999999993","0.61","118.14754000000001","58","0.57999999999999996","100","59.55","0.5","119.1","157713","12.4","N",434111,3492394
"157","Johnson City - (TN)","TN","2020",9777,"public","29.65","0.34","87.205882000000003","27.82","0.33","84.303030000000007","29.65","0.34","87.205882000000003","79593","13.2","Y",186589,1752930
"158","Kerrville Public Utility Board","TX","2020",28604,"public","367.83100000000002","1.2210000000000001","301.25389000000001","19.637","0.221","88.855204000000001","367.83100000000002","1.2210000000000001","301.25389000000001","23265.5",".","Y",41321.4,496895
"159","Knoxville Utilities Board","TN","2020",10421,"public","279","2.11","132.22748999999999","128","1.65","77.575757999999993","279","2.11","132.22748999999999","207360","13.2","Y",518474,5340239
"160","Lehi City Corporation","UT","2020",10879,"public","138.89599999999999","0.73799999999999999","188.20596","138.89599999999999","0.73799999999999999","188.20596","75.718999999999994","0.53800000000000003","140.74163999999999","24564","12.5","N",37436,416794
"161","Lincoln Electric System","NE","2020",11018,"public","58.1","0.6","96.833332999999996","21.6","0.36","60","58.1","0.6","96.833332999999996","139123","34.5","Y",262878.1,3085705
"162","Los Alamos County","NM","2020",11204,"public","69.05","0.55000000000000004","125.54545",".",".",".",".",".",".","9045","13.2","N",38912.6,539291
"163","Los Angeles Department of Water & Power","CA","2020",11208,"public","139.55000000000001","0.74","188.58107999999999","114.13","0.69","165.4058",".",".",".","1580267","34.5","N",4086338.3,20960389
"164","Manitowoc Public Utilities","WI","2020",11571,"public","32.899000000000001","0.42899999999999999","76.687646000000001","5.49","8.3000000000000004E-2","66.144577999999996","18.68","0.25700000000000001","72.684825000000004","17957","13.2","Y",37116.4,504541
"165","Maryville Utilities","TN","2020",11789,"public","323","2.35","137.44681","66","1","66",".",".",".","19147","13.2","Y",62967,747396
"166","McMinnville Electric System","TN","2020",12186,"public","24.146000000000001","0.246","98.154471999999998","10.103999999999999","0.13700000000000001","73.751824999999997","24.146000000000001","0.246","98.154471999999998","8002","26","Y",18146,176603
"167","Modesto Irrigation District","CA","2020",12745,"public","51.82","0.63","82.253968","44.01","0.57599999999999996","76.40625","41.58","0.54200000000000004","76.715867000000003","117276","21","Y",371982.5,2588108
"168","Nashville Electric Service","TN","2020",13216,"public","1854.36","2.5209999999999999","735.56524999999999","102.1","1.44","70.902777999999998","1854.36","2.5209999999999999","735.56524999999999","406591","23.9","Y",1204531,11212987
"169","Nebraska Public Power District","NE","2020",13337,"public","118.07","0.97","121.72165","79.7","0.78","102.17949","115.64","0.95","121.72632","92000","69","Y",236653,3234624
"170","New River Light & Power Co","NC","2020",13482,"public","19.257999999999999","0.41499999999999998","46.404819000000003","19.257999999999999","0.41499999999999998","46.404819000000003",".",".",".","8538","12.5","Y",17784.2,191618
"171","Newnan Wtr, Sewer & Light Comm","GA","2020",13547,"public","93.757999999999996","1.641","57.134673999999997","93.757999999999996","1.641","57.134673999999997",".",".",".","10667","25","Y",34079,305923
"172","Norris Public Power District","NE","2020",13664,"public","224.00299999999999","1.8720000000000001","119.65971999999999","223.233","1.8680000000000001","119.50375","218.72800000000001","1.802","121.38069","24663","12.5","Y",75786.5,944039
"173","Northern Wasco County PUD","OR","2020",13788,"public","87.31","0.55000000000000004","158.74545000000001","33.380000000000003","0.19","175.68421000000001","87.31","0.55000000000000004","158.74545000000001","10286","12.5","N",54038.8,981049
"174","Omaha Public Power District","NE","2020",14127,"public","129.6","0.68","190.58824000000001","78.7","0.53","148.49056999999999",".",".",".","384843","13.8","Y",980478,11088938
"175","Overton Power District No 5","NV","2020",14245,"public","35.993000000000002","0.501","71.842314999999999","35.993000000000002","0.501","71.842314999999999","35.993000000000002","0.501","71.842314999999999","16535","69","Y",38154,386475
"176","Provo City Corp","UT","2020",15444,"public","21.63","0.24","90.125","21.63","0.24","90.125","21.63","0.24","90.125","37788","12.5","Y",68632,742130
"177","PUD 1 of Snohomish County","WA","2020",17470,"public","255.5","1.69","151.18342999999999","131.80000000000001","1.25","105.44","255.5","1.69","151.18342999999999","368222","12.5","Y",611810,6446946
"178","PUD No 1 of Benton County","WA","2020",1579,"public","88.5","0.65","136.15385000000001","67.7","0.57999999999999996","116.72414000000001",".",".",".","54440","34.5","Y",127865,1739433
"179","PUD No 1 of Clark County - (WA)","WA","2020",3660,"public","120.75","0.72599999999999998","166.32230999999999","41.07","0.53600000000000003","76.623133999999993","118.72","0.66500000000000004","178.52632","213948","12.5","Y",366059,4473919
"180","PUD No 1 of Cowlitz County","WA","2020",4442,"public","152.51599999999999","1.0569999999999999","144.29139000000001","122.77200000000001","0.879","139.67234999999999","152.51599999999999","1.0569999999999999","144.29139000000001","50513","13","Y",244855,4343568
"181","PUD No 1 of Grays Harbor County","WA","2020",7548,"public","260","1.4","185.71429000000001","182","1.2","151.66667000000001","93","0.64","145.3125","43034","34.5","N",100373.9,899577
"182","PUD No 1 of Jefferson County","WA","2020",59013,"public","397.56799999999998","2.31","172.10736","397.56799999999998","2.31","172.10736",".",".",".","20287","12.5","Y",37589.7,380071
"183","PUD No 1 of Lewis County","WA","2020",10944,"public","433.4","2.69","161.11524","259.62","1.91","135.92670000000001","433.39","2.69","161.11152000000001","34012","24.9","N",73423.4,929778
"184","Rochelle Municipal Utilities","IL","2020",16179,"public","93.066999999999993","0.72499999999999998","128.36828",".",".",".",".",".",".","6899","15","N",34624,378366
"185","Rochester Public Utilities","MN","2020",16181,"public","29.58","0.68","43.5","29.58","0.68","43.5","29.58","0.68","43.5","57447","13.8","Y",141923.7,1127968
"186","Salt River Project","AZ","2020",16572,"public","47.320999999999998","0.751","63.010652","40.826999999999998","0.69099999999999995","59.083936000000001","46.34","0.72099999999999997","64.271844999999999","1072666","34.5","N",2968067.7,30505673
"187","Sevier County Electric System","TN","2020",16949,"public","1566.5","3.6019999999999999","434.89728000000002","321.10700000000003","2.1429999999999998","149.83994000000001","1561.8","3.4529999999999998","452.30234999999999","55992","25","Y",144262,1428180
"188","Shakopee Public Utilities Comm","MN","2020",16971,"public","19.43","0.30399999999999999","63.914473999999998","19.43","0.30399999999999999","63.914473999999998","19.43","0.30399999999999999","63.914473999999998","18562","13.8","N",46902,430760
"189","South Carolina Public Service Authority","SC","2020",17543,"public","48.848999999999997","0.60499999999999998","80.742148999999998","23.902000000000001","0.38900000000000001","61.44473","43.335999999999999","0.51700000000000002","83.822050000000004","188318","34.5","N",580526,7669358
"190","Southwest Public Power Dist","NE","2020",17692,"public","99.4","0.76","130.78946999999999","99.4","0.76","130.78946999999999","54.11","0.75","72.146666999999994","6237","7.2","Y",22220,227996
"191","Strawberry Electric Serv Dist","UT","2020",18206,"public","194.142",".",".","51.93",".",".",".",".",".","3990","12.5","N",6879.6,63620
"192","Town of Bedford - (VA)","VA","2020",1456,"public","331.37599999999998","1.379","240.30167","146.78200000000001",".",".","146.78200000000001",".",".","6723","69","N",19065.6,170520
"193","Town of Braintree - (MA)","MA","2020",2144,"public","3.93","0.04","98.25","3.93","0.04","98.25","3.93","0.04","98.25","16924","13.8","N",46389,312638
"194","Town of High Point","NC","2020",8571,"public","207.01900000000001","2.1949999999999998","94.313895000000002","144.66499999999999","1.829","79.095134000000002","201.72300000000001","2.097","96.195993999999999","41905","12.4","Y",125849,1137103
"195","Town of Huntersville - (NC)","NC","2020",9087,"public","97.507999999999996","0.41299999999999998","236.09684999999999",".",".",".",".",".",".","7265","12.5","N",19560.3,232432
"196","Town of Mansfield - (MA)","MA","2020",11586,"public","8.6859999999999999","7.0999999999999994E-2","122.33803","4.5609999999999999","4.8000000000000001E-2","95.020832999999996","8.6859999999999999","7.0999999999999994E-2","122.33803","9950","15","N",25590,205578
"197","Town of North Attleborough - (MA)","MA","2020",13679,"public","78.266000000000005","0.78","100.34103","30.361000000000001","0.53400000000000003","56.855804999999997","78.266000000000005","0.78","100.34103","13499","13.8","N",31051,209666
"198","Town of Reading - (MA)","MA","2020",15748,"public","37.591000000000001","0.34599999999999997","108.64451","18.928999999999998","0.22500000000000001","84.128889000000001",".",".",".","30111","13.8","Y",84102,647886
"199","Tullahoma Board-Public Utils","TN","2020",19266,"public","73.811999999999998","1.2330000000000001","59.863746999999996","29.07","0.76400000000000001","38.049737999999998","73.811999999999998","1.2330000000000001","59.863746999999996","11215","12.5","N",24628,270720
"200","Turlock Irrigation District","CA","2020",19281,"public","75","0.66","113.63636","56","0.56999999999999995","98.245614000000003","75","0.66","113.63636","88748","12","N",300974,2163508
"201","Two Rivers Water & Light","WI","2020",19324,"public","138.447","1.2310000000000001","112.4671",".",".",".",".",".",".","6676","13.2","N",8723.3,82034
"202","Village of Fairport - (NY)","NY","2020",5930,"public","26.042999999999999","0.28699999999999998","90.742159999999998","17.690000000000001","0.25900000000000001","68.301158000000001",".",".",".","17666","12.5","N",23454.2,419515
"203","Village of Freeport - (NY)","NY","2020",6775,"public","59.673999999999999","0.70099999999999996","85.126960999999994","13.170999999999999","0.22500000000000001","58.537778000000003",".",".",".","14613","13.8","N",31193,248849
"204","Village of Waunakee - (WI)","WI","2020",20211,"public","20.8","0.11","189.09091000000001","20.8","0.11","189.09091000000001",".",".",".","6524","15","N",12787.9,121653
"205","Watertown Municipal Utilities","SD","2020",20187,"public","14.935","0.17","87.852941000000001","14.935","0.17","87.852941000000001",".",".",".","13272","12.5","N",30005,373266
"206","Waupun Utilities","WI","2020",20213,"public","5.468","7.0999999999999994E-2","77.014084999999994","5.468","7.0999999999999994E-2","77.014084999999994","5.468","7.0999999999999994E-2","77.014084999999994","4453","12.4","Y",9453.8,101121
"207","Weakley County Mun Elec Sys","TN","2020",20228,"public","161","2","80.5","161","2","80.5","161","2","80.5","20534","12","N",43320,435873
"208","Willmar Municipal Utilities","MN","2020",20737,"public","22.201000000000001","0.311","71.385852","22.201000000000001","0.311","71.385852","22.201000000000001","0.311","71.385852","9732","12.5","Y",26725,266976
